"state","expenditure_title","year","amount","amount_z_score_avg"
"Alabama","teacher_salaries_vocational_education","2010","110309000.0","-0.000000000000000000167803030303030303"
"Alabama","teacher_salaries_vocational_education","2011","107614000.0","-0.000000000000000000614166666666666667"
"Alabama","teacher_salaries_vocational_education","2012","105162000.0","-0.000000000000000000225606060606060606"
"Alabama","teacher_salaries_vocational_education","2013","108247000.0","0.000000000000000000171343283582089552"
"Alabama","teacher_salaries_vocational_education","2014","110787000.0","0.000000000000000000656666666666666667"
"Alabama","teacher_salaries_vocational_education","2015","112340000.0","-0.000000000000000001386865671641791045"
"Alabama","teacher_salaries_vocational_education","2016","114102000.0","-0.000000000000000000231194029850746269"
"Alabama","teacher_salaries_vocational_education","2017","119964000.0","-0.000000000000000000191386861313868613"
"Alabama","teacher_salaries_vocational_education","2018","122486000.0","0.000000000000000000082335766423357664"
"Alabama","teacher_salaries_vocational_education","2019","126241000.0","0.000000000000000000511240875912408759"
"Alabama","tech_related_supplies_services","2019","136532000.0","0.000000000000000000529197080291970803"
"Alabama","cares_act_expenditure_tech_related_supplies_services","2020","68281000.0","0.000000000000000000657936507936507937"
"Alabama","teacher_salaries_vocational_education","2020","131253000.0","-0.000000000000000000114130434782608696"
"Alabama","tech_related_supplies_services","2020","203897000.0","-0.000000000000000000173985507246376812"
"Arizona","teacher_salaries_vocational_education","2010","25840000.0","-0.000000000000000001676000000000000000"
"Arizona","teacher_salaries_vocational_education","2011","10666000.0","-0.000000000000000003134400000000000000"
"Arizona","teacher_salaries_vocational_education","2012","15704000.0","0.000000000000000000770540540540540541"
"Arizona","teacher_salaries_vocational_education","2013","36115000.0","-0.000000000000000001218444444444444444"
"Arizona","teacher_salaries_vocational_education","2014","60302000.0","-0.000000000000000001116700000000000000"
"Arizona","teacher_salaries_vocational_education","2015","68289000.0","0.000000000000000000356153846153846154"
"Arizona","teacher_salaries_vocational_education","2016","70255000.0","-0.000000000000000000115428571428571429"
"Arizona","tech_related_supplies_services","2016","160817000.0","-0.000000000000000000321327014218009479"
"Arizona","teacher_salaries_vocational_education","2017","72473000.0","-0.000000000000000000538396226415094340"
"Arizona","tech_related_equipment","2017","39301000.0","-0.000000000000000000853577235772357724"
"Arizona","tech_related_supplies_services","2017","161201000.0","0.000000000000000000872857142857142857"
"Arizona","teacher_salaries_vocational_education","2018","31559000.0","0.000000000000000000038437500000000000"
"Arizona","tech_related_equipment","2018","48876000.0","-0.000000000000000000069782608695652174"
"Arizona","tech_related_supplies_services","2018","194554000.0","0.000000000000000001160524017467248908"
"Arizona","teacher_salaries_vocational_education","2019","94500000.0","-0.000000000000000000027297297297297297"
"Arizona","tech_related_equipment","2019","51768000.0","-0.000000000000000000668888888888888889"
"Arizona","tech_related_supplies_services","2019","232030000.0","-0.000000000000000000393593073593073593"
"Arizona","teacher_salaries_vocational_education","2020","102368000.0","-0.000000000000000000118376068376068376"
"Arizona","tech_related_equipment","2020","49340000.0","0.000000000000000000409415584415584416"
"Arizona","tech_related_supplies_services","2020","236402000.0","-0.000000000000000000370909090909090909"
"Arkansas","teacher_salaries_vocational_education","2010","83821000.0","0.000000000000000000109836734693877551"
"Arkansas","teacher_salaries_vocational_education","2011","82936000.0","-0.000000000000000000467634854771784232"
"Arkansas","teacher_salaries_vocational_education","2012","81519000.0","0.000000000000000000094243697478991597"
"Arkansas","teacher_salaries_vocational_education","2013","80895000.0","0.000000000000000000773432203389830508"
"Arkansas","teacher_salaries_vocational_education","2014","81343000.0","-0.000000000000000000646765957446808511"
"Arkansas","teacher_salaries_vocational_education","2015","81567000.0","0.000000000000000000642245762711864407"
"Arkansas","tech_related_equipment","2015","31144000.0","-0.000000000000000000607733333333333333"
"Arkansas","tech_related_supplies_services","2015","106532000.0","-0.000000000000000000104501992031872510"
"Arkansas","teacher_salaries_vocational_education","2016","81168000.0","0.000000000000000001249181034482758621"
"Arkansas","tech_related_equipment","2016","28749000.0","0.000000000000000000734311111111111111"
"Arkansas","tech_related_supplies_services","2016","96141000.0","0.000000000000000000404939759036144578"
"Arkansas","teacher_salaries_vocational_education","2017","81499000.0","-0.000000000000000000335879828326180258"
"Arkansas","tech_related_equipment","2017","23473000.0","-0.000000000000000003228687782805429864"
"Arkansas","tech_related_supplies_services","2017","100882000.0","-0.000000000000000000107080000000000000"
"Arkansas","teacher_salaries_vocational_education","2018","82184000.0","0.000000000000000000102457627118644068"
"Arkansas","tech_related_equipment","2018","22537000.0","-0.000000000000000000320636363636363636"
"Arkansas","tech_related_supplies_services","2018","103130000.0","0.000000000000000000311840000000000000"
"Arkansas","teacher_salaries_vocational_education","2019","83231000.0","0.000000000000000000223771186440677966"
"Arkansas","tech_related_equipment","2019","23718000.0","0.000000000000000000104225352112676056"
"Arkansas","tech_related_supplies_services","2019","100208000.0","0.000000000000000000320280000000000000"
"Arkansas","cares_act_expenditure_tech_related_equipment","2020","528000.0","0.000000000000000002762105263157894737"
"Arkansas","cares_act_expenditure_tech_related_supplies_services","2020","966000.0","0.000000000000000011267586206896551724"
"Arkansas","teacher_salaries_vocational_education","2020","82738000.0","0.000000000000000000594658119658119658"
"Arkansas","tech_related_equipment","2020","26468000.0","-0.000000000000000001277772511848341232"
"Arkansas","tech_related_supplies_services","2020","100538000.0","0.000000000000000000134200000000000000"
"California","teacher_salaries_vocational_education","2010","118947000.0","0.000000000000000000047674418604651163"
"California","teacher_salaries_vocational_education","2011","115226000.0","0.000000000000000000243861788617886179"
"California","teacher_salaries_vocational_education","2012","102597000.0","0.000000000000000000956885245901639344"
"California","teacher_salaries_vocational_education","2013","123479000.0","-0.000000000000000000722401433691756272"
"California","teacher_salaries_vocational_education","2014","129725000.0","0.000000000000000000127702702702702703"
"California","teacher_salaries_vocational_education","2015","135425000.0","0.000000000000000000239150326797385621"
"California","teacher_salaries_vocational_education","2016","204966000.0","0.000000000000000000023884297520661157"
"California","teacher_salaries_vocational_education","2017","302043000.0","0.000000000000000000327796610169491525"
"California","teacher_salaries_vocational_education","2018","338070000.0","0.000000000000000000164441805225653207"
"California","teacher_salaries_vocational_education","2019","383185000.0","0.000000000000000000313708920187793427"
"California","teacher_salaries_vocational_education","2020","406374000.0","0.000000000000000000044238875878220141"
"Colorado","teacher_salaries_vocational_education","2010","87894000.0","0.000000000000000000110867052023121387"
"Colorado","teacher_salaries_vocational_education","2011","82633000.0","-0.000000000000000000081428571428571429"
"Colorado","teacher_salaries_vocational_education","2012","78077000.0","0.000000000000000000559371428571428571"
"Colorado","teacher_salaries_vocational_education","2013","96626000.0","0.000000000000000000359080459770114943"
"Colorado","teacher_salaries_vocational_education","2014","110343000.0","0.000000000000000000564885057471264368"
"Colorado","teacher_salaries_vocational_education","2015","114921000.0","-0.000000000000000000130635838150289017"
"Colorado","tech_related_equipment","2015","32875000.0","0.000000000000000000642210526315789474"
"Colorado","tech_related_supplies_services","2015","81025000.0","0.000000000000000000091390374331550802"
"Colorado","teacher_salaries_vocational_education","2016","126030000.0","0.000000000000000001483647058823529412"
"Colorado","tech_related_equipment","2016","41669000.0","-0.000000000000000000120707070707070707"
"Colorado","tech_related_supplies_services","2016","84766000.0","0.000000000000000000779157894736842105"
"Colorado","teacher_salaries_vocational_education","2017","125265000.0","0.000000000000000000415697674418604651"
"Colorado","tech_related_equipment","2017","43972000.0","-0.0000000000000000000025490196078431372549"
"Colorado","tech_related_supplies_services","2017","88885000.0","-0.000000000000000000746858638743455497"
"Colorado","teacher_salaries_vocational_education","2018","126285000.0","0.000000000000000000631666666666666667"
"Colorado","tech_related_equipment","2018","52260000.0","-0.000000000000000000019801980198019802"
"Colorado","tech_related_supplies_services","2018","81975000.0","-0.000000000000000000589739583333333333"
"Colorado","teacher_salaries_vocational_education","2019","26617000.0","-0.000000000000000001013229166666666667"
"Colorado","tech_related_equipment","2019","45924000.0","-0.000000000000000001558058252427184466"
"Colorado","tech_related_supplies_services","2019","94428000.0","0.000000000000000001041875000000000000"
"Colorado","cares_act_expenditure_tech_related_equipment","2020","3761000.0","0.000000000000000001450454545454545455"
"Colorado","cares_act_expenditure_tech_related_supplies_services","2020","9718000.0","-0.000000000000000001578444444444444444"
"Colorado","teacher_salaries_vocational_education","2020","35153000.0","0.000000000000000000369393939393939394"
"Colorado","tech_related_equipment","2020","50177000.0","-0.000000000000000001423000000000000000"
"Colorado","tech_related_supplies_services","2020","172991000.0","0.000000000000000000306887755102040816"
"Connecticut","teacher_salaries_vocational_education","2010","42426000.0","0.000000000000000000546082474226804124"
"Connecticut","teacher_salaries_vocational_education","2011","42555000.0","0.000000000000000000280505050505050505"
"Connecticut","teacher_salaries_vocational_education","2012","43871000.0","0.000000000000000001383900000000000000"
"Connecticut","teacher_salaries_vocational_education","2013","47354000.0","0.000000000000000000154705882352941176"
"Connecticut","teacher_salaries_vocational_education","2014","45845000.0","0.000000000000000001556250000000000000"
"Connecticut","teacher_salaries_vocational_education","2015","47678000.0","0.000000000000000000683229166666666667"
"Connecticut","teacher_salaries_vocational_education","2016","51681000.0","0.000000000000000000460300000000000000"
"Connecticut","teacher_salaries_vocational_education","2017","53905000.0","-0.000000000000000001746800000000000000"
"Connecticut","teacher_salaries_vocational_education","2018","18556000.0","-0.000000000000000000622597402597402597"
"Connecticut","tech_related_equipment","2018","33214000.0","0.000000000000000002365161290322580645"
"Connecticut","tech_related_supplies_services","2018","42819000.0","0.000000000000000000095923566878980892"
"Connecticut","teacher_salaries_vocational_education","2019","18237000.0","0.000000000000000000680649350649350649"
"Connecticut","tech_related_equipment","2019","33641000.0","0.000000000000000000200655737704918033"
"Connecticut","tech_related_supplies_services","2019","38652000.0","-0.000000000000000000649617834394904459"
"Connecticut","teacher_salaries_vocational_education","2020","19621000.0","-0.000000000000000000812875000000000000"
"Connecticut","tech_related_equipment","2020","45136000.0","0.000000000000000000808571428571428571"
"Connecticut","tech_related_supplies_services","2020","36884000.0","0.000000000000000000460580645161290323"
"Delaware","teacher_salaries_vocational_education","2010","16877000.0","-0.000000000000000002308421052631578947"
"Delaware","teacher_salaries_vocational_education","2011","16647000.0","-0.000000000000000000155555555555555556"
"Delaware","teacher_salaries_vocational_education","2012","11007000.0","-0.000000000000000002041578947368421053"
"Delaware","teacher_salaries_vocational_education","2013","13634000.0","0.000000000000000002334210526315789474"
"Delaware","teacher_salaries_vocational_education","2014","13939000.0","-0.000000000000000003324210526315789474"
"Delaware","teacher_salaries_vocational_education","2015","13965000.0","0.000000000000000003708421052631578947"
"Delaware","teacher_salaries_vocational_education","2016","13809000.0","-0.000000000000000003562105263157894737"
"Delaware","tech_related_supplies_services","2016","105093000.0","0.000000000000000001335789473684210526"
"Delaware","teacher_salaries_vocational_education","2017","14179000.0","-0.000000000000000001389473684210526316"
"Delaware","teacher_salaries_vocational_education","2018","14440000.0","0.000000000000000000724736842105263158"
"Delaware","teacher_salaries_vocational_education","2019","12224000.0","0.000000000000000002674210526315789474"
"Delaware","cares_act_expenditure_tech_related_supplies_services","2020","184000.0",NULL
"Delaware","teacher_salaries_vocational_education","2020","27091000.0","0.000000000000000001587368421052631579"
"Delaware","tech_related_equipment","2020","13046000.0","0.000000000000000000886842105263157895"
"Delaware","tech_related_supplies_services","2020","40194000.0","0.000000000000000003988947368421052632"
"District of Columbia","teacher_salaries_vocational_education","2010","3460000.0",NULL
"District of Columbia","teacher_salaries_vocational_education","2011","380000.0",NULL
"District of Columbia","teacher_salaries_vocational_education","2012","550000.0",NULL
"District of Columbia","teacher_salaries_vocational_education","2013","540000.0",NULL
"District of Columbia","teacher_salaries_vocational_education","2014","1359000.0",NULL
"District of Columbia","teacher_salaries_vocational_education","2015","4519000.0",NULL
"District of Columbia","teacher_salaries_vocational_education","2016","5261000.0",NULL
"District of Columbia","tech_related_equipment","2016","8394000.0",NULL
"District of Columbia","tech_related_supplies_services","2016","3332000.0",NULL
"District of Columbia","teacher_salaries_vocational_education","2017","5061000.0",NULL
"District of Columbia","tech_related_equipment","2017","12225000.0",NULL
"District of Columbia","tech_related_supplies_services","2017","3774000.0",NULL
"District of Columbia","teacher_salaries_vocational_education","2018","7068000.0",NULL
"District of Columbia","tech_related_equipment","2018","7551000.0",NULL
"District of Columbia","tech_related_supplies_services","2018","3058000.0",NULL
"District of Columbia","teacher_salaries_vocational_education","2019","7565000.0",NULL
"District of Columbia","tech_related_equipment","2019","8178000.0",NULL
"District of Columbia","tech_related_supplies_services","2019","6595000.0",NULL
"District of Columbia","cares_act_expenditure_tech_related_equipment","2020","1239000.0",NULL
"District of Columbia","teacher_salaries_vocational_education","2020","9218000.0",NULL
"District of Columbia","tech_related_equipment","2020","15035000.0",NULL
"District of Columbia","tech_related_supplies_services","2020","12885000.0",NULL
"Florida","teacher_salaries_vocational_education","2010","211794000.0","-0.000000000000000000591818181818181818"
"Florida","teacher_salaries_vocational_education","2011","208987000.0","0.000000000000000000541363636363636364"
"Florida","teacher_salaries_vocational_education","2012","204187000.0","0.000000000000000000154477611940298507"
"Florida","teacher_salaries_vocational_education","2013","191851000.0","0.000000000000000000279552238805970149"
"Florida","teacher_salaries_vocational_education","2014","207929000.0","-0.000000000000000000709104477611940299"
"Florida","teacher_salaries_vocational_education","2015","212017000.0","-0.000000000000000001217014925373134328"
"Florida","teacher_salaries_vocational_education","2016","205292000.0","-0.000000000000000000480757575757575758"
"Florida","teacher_salaries_vocational_education","2017","213983000.0","0.000000000000000000827611940298507463"
"Florida","teacher_salaries_vocational_education","2018","215683000.0","0.000000000000000002681666666666666667"
"Florida","tech_related_equipment","2018","144195000.0","-0.000000000000000001375076923076923077"
"Florida","tech_related_supplies_services","2018","448403000.0","0.000000000000000000917462686567164179"
"Florida","teacher_salaries_vocational_education","2019","220259000.0","-0.000000000000000000586363636363636364"
"Florida","tech_related_equipment","2019","158183000.0","0.000000000000000000579230769230769231"
"Florida","tech_related_supplies_services","2019","490380000.0","0.000000000000000000020895522388059701"
"Florida","teacher_salaries_vocational_education","2020","235269000.0","-0.000000000000000001263437500000000000"
"Florida","tech_related_equipment","2020","159943000.0","-0.000000000000000001233437500000000000"
"Florida","tech_related_supplies_services","2020","706093000.0","-0.000000000000000000610606060606060606"
"Georgia","teacher_salaries_vocational_education","2010","181681000.0","0.000000000000000000055810055865921788"
"Georgia","teacher_salaries_vocational_education","2011","175070000.0","-0.000000000000000001167039106145251397"
"Georgia","teacher_salaries_vocational_education","2012","174904000.0","0.000000000000000000326983240223463687"
"Georgia","teacher_salaries_vocational_education","2013","171637000.0","0.000000000000000000359608938547486034"
"Georgia","teacher_salaries_vocational_education","2014","169838000.0","-0.000000000000000001469664804469273743"
"Georgia","teacher_salaries_vocational_education","2015","173885000.0","-0.000000000000000000539833333333333333"
"Georgia","teacher_salaries_vocational_education","2016","181548000.0","-0.000000000000000000591944444444444444"
"Georgia","tech_related_equipment","2016","47639000.0","0.000000000000000000046274509803921569"
"Georgia","tech_related_supplies_services","2016","355933000.0","0.000000000000000000354744897959183673"
"Georgia","teacher_salaries_vocational_education","2017","196733000.0","0.000000000000000000791000000000000000"
"Georgia","tech_related_equipment","2017","58285000.0","-0.000000000000000000689677419354838710"
"Georgia","tech_related_supplies_services","2017","377273000.0","0.000000000000000000306530612244897959"
"Georgia","teacher_salaries_vocational_education","2018","206299000.0","0.000000000000000000068539325842696629"
"Georgia","tech_related_equipment","2018","66344000.0","0.000000000000000000171089108910891089"
"Georgia","tech_related_supplies_services","2018","500333000.0","0.000000000000000000188051282051282051"
"Georgia","teacher_salaries_vocational_education","2019","213999000.0","0.000000000000000000894525139664804469"
"Georgia","tech_related_equipment","2019","101931000.0","0.000000000000000000360388349514563107"
"Georgia","tech_related_supplies_services","2019","505905000.0","0.000000000000000000210765306122448980"
"Georgia","cares_act_expenditure_tech_related_supplies_services","2020","4606000.0","-0.000000000000000001319166666666666667"
"Georgia","teacher_salaries_vocational_education","2020","226904000.0","0.000000000000000000517597765363128492"
"Georgia","tech_related_equipment","2020","43459000.0","0.000000000000000000246509433962264151"
"Georgia","tech_related_supplies_services","2020","535280000.0","0.000000000000000000207755102040816327"
"Hawaii","teacher_salaries_vocational_education","2010","4885000.0",NULL
"Hawaii","teacher_salaries_vocational_education","2011","5088000.0",NULL
"Hawaii","teacher_salaries_vocational_education","2012","4846000.0",NULL
"Hawaii","teacher_salaries_vocational_education","2013","4578000.0",NULL
"Hawaii","teacher_salaries_vocational_education","2014","4871000.0",NULL
"Hawaii","teacher_salaries_vocational_education","2015","4893000.0",NULL
"Hawaii","teacher_salaries_vocational_education","2016","5164000.0",NULL
"Hawaii","teacher_salaries_vocational_education","2017","5251000.0",NULL
"Hawaii","tech_related_equipment","2017","16413000.0",NULL
"Hawaii","tech_related_supplies_services","2017","4103000.0",NULL
"Hawaii","teacher_salaries_vocational_education","2018","5428000.0",NULL
"Hawaii","tech_related_equipment","2018","12167000.0",NULL
"Hawaii","tech_related_supplies_services","2018","4098000.0",NULL
"Hawaii","teacher_salaries_vocational_education","2019","5661000.0",NULL
"Hawaii","tech_related_equipment","2019","2401000.0",NULL
"Hawaii","tech_related_supplies_services","2019","22767000.0",NULL
"Hawaii","teacher_salaries_vocational_education","2020","5328000.0",NULL
"Hawaii","tech_related_equipment","2020","1881000.0",NULL
"Hawaii","tech_related_supplies_services","2020","22765000.0",NULL
"Idaho","teacher_salaries_vocational_education","2010","7035000.0","-0.000000000000000000476410256410256410"
"Idaho","teacher_salaries_vocational_education","2011","7124000.0","0.000000000000000001503809523809523810"
"Idaho","teacher_salaries_vocational_education","2012","8514000.0","0.000000000000000001226363636363636364"
"Idaho","teacher_salaries_vocational_education","2013","9352000.0","0.000000000000000000835609756097560976"
"Idaho","teacher_salaries_vocational_education","2014","8451000.0","0.000000000000000001528292682926829268"
"Idaho","teacher_salaries_vocational_education","2015","8761000.0","0.000000000000000002703333333333333333"
"Idaho","teacher_salaries_vocational_education","2016","9111000.0","0.000000000000000001546279069767441860"
"Idaho","teacher_salaries_vocational_education","2017","9975000.0","0.000000000000000000383023255813953488"
"Idaho","teacher_salaries_vocational_education","2018","10526000.0","-0.000000000000000001112790697674418605"
"Idaho","teacher_salaries_vocational_education","2019","11399000.0","0.000000000000000001129047619047619048"
"Idaho","teacher_salaries_vocational_education","2020","11913000.0","-0.000000000000000000786904761904761905"
"Indiana","tech_related_equipment","2016","193157000.0","-0.000000000000000000488338983050847458"
"Indiana","tech_related_supplies_services","2016","159233000.0","0.000000000000000000015750798722044728"
"Indiana","tech_related_equipment","2017","187330000.0","-0.000000000000000000262210884353741497"
"Indiana","tech_related_supplies_services","2017","162515000.0","-0.000000000000000000362300319488817891"
"Indiana","teacher_salaries_vocational_education","2018","86404000.0","-0.000000000000000000216040816326530612"
"Indiana","tech_related_equipment","2018","194569000.0","0.000000000000000000357094594594594595"
"Indiana","tech_related_supplies_services","2018","174361000.0","-0.000000000000000000426869009584664537"
"Indiana","teacher_salaries_vocational_education","2019","90693000.0","-0.000000000000000000043040000000000000"
"Indiana","tech_related_equipment","2019","198852000.0","-0.000000000000000000315685618729096990"
"Indiana","tech_related_supplies_services","2019","274396000.0","-0.000000000000000000074664536741214058"
"Indiana","teacher_salaries_vocational_education","2020","98277000.0","-0.000000000000000000686944444444444444"
"Indiana","tech_related_equipment","2020","22396000.0","0.000000000000000001847034883720930233"
"Indiana","tech_related_supplies_services","2020","283742000.0","0.000000000000000001318520900321543408"
"Iowa","teacher_salaries_vocational_education","2010","79822000.0","0.000000000000000000621238938053097345"
"Iowa","teacher_salaries_vocational_education","2011","76511000.0","-0.000000000000000000619189189189189189"
"Iowa","teacher_salaries_vocational_education","2012","76544000.0","0.000000000000000000159439252336448598"
"Iowa","teacher_salaries_vocational_education","2013","76470000.0","0.000000000000000000201562500000000000"
"Iowa","teacher_salaries_vocational_education","2014","80112000.0","0.000000000000000001371560509554140127"
"Iowa","teacher_salaries_vocational_education","2015","80851000.0","-0.000000000000000000961838709677419355"
"Iowa","tech_related_equipment","2015","57437000.0","-0.000000000000000000747084639498432602"
"Iowa","tech_related_supplies_services","2015","43677000.0","-0.000000000000000000874548104956268222"
"Iowa","teacher_salaries_vocational_education","2016","81438000.0","0.000000000000000000334174757281553398"
"Iowa","tech_related_equipment","2016","64992000.0","-0.000000000000000001064622641509433962"
"Iowa","tech_related_supplies_services","2016","48550000.0","0.000000000000000000015689149560117302"
"Iowa","teacher_salaries_vocational_education","2017","81255000.0","-0.000000000000000000458371335504885993"
"Iowa","tech_related_equipment","2017","66786000.0","-0.000000000000000001252307692307692308"
"Iowa","tech_related_supplies_services","2017","50522000.0","-0.000000000000000000925693215339233038"
"Iowa","teacher_salaries_vocational_education","2018","81816000.0","0.000000000000000000366118421052631579"
"Iowa","tech_related_equipment","2018","62603000.0","0.000000000000000000159093750000000000"
"Iowa","tech_related_supplies_services","2018","52800000.0","0.000000000000000000643598820058997050"
"Iowa","teacher_salaries_vocational_education","2019","82868000.0","0.000000000000000000338456375838926174"
"Iowa","tech_related_equipment","2019","66047000.0","0.000000000000000001224905660377358491"
"Iowa","tech_related_supplies_services","2019","56036000.0","-0.000000000000000001068694362017804154"
"Iowa","cares_act_expenditure_tech_related_equipment","2020","4191000.0","0.000000000000000001692321428571428571"
"Iowa","cares_act_expenditure_tech_related_supplies_services","2020","604000.0","-0.000000000000000018860714285714285714"
"Iowa","teacher_salaries_vocational_education","2020","83592000.0","-0.000000000000000001664276094276094276"
"Iowa","tech_related_equipment","2020","72135000.0","-0.000000000000000001030537974683544304"
"Iowa","tech_related_supplies_services","2020","60394000.0","0.000000000000000001274324324324324324"
"Kansas","teacher_salaries_vocational_education","2010","64673000.0","0.000000000000000001052417582417582418"
"Kansas","teacher_salaries_vocational_education","2011","63892000.0","0.000000000000000000371962962962962963"
"Kansas","teacher_salaries_vocational_education","2012","62742000.0","0.000000000000000000803207547169811321"
"Kansas","teacher_salaries_vocational_education","2013","64622000.0","-0.000000000000000000596075471698113208"
"Kansas","teacher_salaries_vocational_education","2014","64262000.0","0.000000000000000000620874524714828897"
"Kansas","teacher_salaries_vocational_education","2015","68456000.0","0.000000000000000001024528301886792453"
"Kansas","teacher_salaries_vocational_education","2016","68072000.0","0.000000000000000000872895752895752896"
"Kansas","teacher_salaries_vocational_education","2017","71060000.0","0.000000000000000000347396226415094340"
"Kansas","teacher_salaries_vocational_education","2018","75141000.0","-0.000000000000000000469702602230483271"
"Kansas","tech_related_supplies_services","2018","41621000.0","-0.000000000000000000866598639455782313"
"Kansas","teacher_salaries_vocational_education","2019","82076000.0","0.000000000000000000796208178438661710"
"Kansas","tech_related_supplies_services","2019","48164000.0","0.000000000000000000681114864864864865"
"Kansas","teacher_salaries_vocational_education","2020","82485000.0","0.000000000000000000281623616236162362"
"Kansas","tech_related_supplies_services","2020","56888000.0","-0.000000000000000000365051194539249147"
"Kentucky","teacher_salaries_vocational_education","2010","19482000.0","0.000000000000000000250098039215686275"
"Kentucky","teacher_salaries_vocational_education","2011","19822000.0","-0.000000000000000000345533980582524272"
"Kentucky","teacher_salaries_vocational_education","2012","21168000.0","0.000000000000000000364949494949494949"
"Kentucky","teacher_salaries_vocational_education","2013","20648000.0","0.000000000000000000214339622641509434"
"Kentucky","teacher_salaries_vocational_education","2014","20427000.0","0.000000000000000000171759259259259259"
"Kentucky","teacher_salaries_vocational_education","2015","21126000.0","0.000000000000000000023113207547169811"
"Kentucky","tech_related_equipment","2015","73586000.0","0.000000000000000000101497005988023952"
"Kentucky","tech_related_supplies_services","2015","56710000.0","-0.000000000000000000573930635838150289"
"Kentucky","teacher_salaries_vocational_education","2016","22125000.0","0.000000000000000000803653846153846154"
"Kentucky","tech_related_equipment","2016","74818000.0","0.000000000000000000014761904761904762"
"Kentucky","tech_related_supplies_services","2016","47870000.0","0.000000000000000000345670731707317073"
"Kentucky","teacher_salaries_vocational_education","2017","24126000.0","0.000000000000000000134285714285714286"
"Kentucky","tech_related_equipment","2017","68330000.0","-0.000000000000000000740240963855421687"
"Kentucky","tech_related_supplies_services","2017","51623000.0","-0.000000000000000001547738095238095238"
"Kentucky","teacher_salaries_vocational_education","2018","26292000.0","-0.000000000000000000438019801980198020"
"Kentucky","tech_related_equipment","2018","65183000.0","0.000000000000000000640484848484848485"
"Kentucky","tech_related_supplies_services","2018","53869000.0","-0.000000000000000000086428571428571429"
"Kentucky","teacher_salaries_vocational_education","2019","28187000.0","-0.000000000000000000653018867924528302"
"Kentucky","tech_related_equipment","2019","66749000.0","0.0000000000000000000048795180722891566265"
"Kentucky","tech_related_supplies_services","2019","107861000.0","0.000000000000000000086820809248554913"
"Kentucky","cares_act_expenditure_tech_related_equipment","2020","3619000.0","-0.000000000000000003145833333333333333"
"Kentucky","cares_act_expenditure_tech_related_supplies_services","2020","3160000.0","-0.000000000000000002940000000000000000"
"Kentucky","teacher_salaries_vocational_education","2020","34867000.0","-0.000000000000000000205339805825242718"
"Kentucky","tech_related_equipment","2020","72915000.0","-0.000000000000000000836975308641975309"
"Kentucky","tech_related_supplies_services","2020","105576000.0","0.000000000000000000733837209302325581"
"Louisiana","teacher_salaries_vocational_education","2010","77985000.0","0.000000000000000001313142857142857143"
"Louisiana","teacher_salaries_vocational_education","2011","77091000.0","0.000000000000000001242608695652173913"
"Louisiana","teacher_salaries_vocational_education","2012","74344000.0","0.000000000000000000144202898550724638"
"Louisiana","teacher_salaries_vocational_education","2013","70351000.0","-0.000000000000000000456142857142857143"
"Louisiana","teacher_salaries_vocational_education","2014","68094000.0","0.000000000000000001597571428571428571"
"Louisiana","teacher_salaries_vocational_education","2015","68098000.0","0.000000000000000000106666666666666667"
"Louisiana","teacher_salaries_vocational_education","2016","71776000.0","0.000000000000000000323188405797101449"
"Louisiana","tech_related_equipment","2016","16829000.0","0.000000000000000001838979591836734694"
"Louisiana","tech_related_supplies_services","2016","114198000.0","-0.000000000000000001686086956521739130"
"Louisiana","teacher_salaries_vocational_education","2017","71746000.0","0.000000000000000000208840579710144928"
"Louisiana","tech_related_equipment","2017","17218000.0","0.000000000000000000691739130434782609"
"Louisiana","tech_related_supplies_services","2017","120166000.0","0.000000000000000000578115942028985507"
"Louisiana","teacher_salaries_vocational_education","2018","72002000.0","0.000000000000000001227101449275362319"
"Louisiana","tech_related_equipment","2018","13309000.0","0.000000000000000001098478260869565217"
"Louisiana","tech_related_supplies_services","2018","132494000.0","-0.000000000000000000748000000000000000"
"Louisiana","teacher_salaries_vocational_education","2019","72899000.0","0.000000000000000000906376811594202899"
"Louisiana","tech_related_equipment","2019","14412000.0","-0.0000000000000000000092000000000000000000"
"Louisiana","tech_related_supplies_services","2019","131829000.0","-0.000000000000000001368428571428571429"
"Louisiana","teacher_salaries_vocational_education","2020","75117000.0","0.000000000000000001070144927536231884"
"Louisiana","tech_related_equipment","2020","16042000.0","-0.000000000000000002583478260869565217"
"Louisiana","tech_related_supplies_services","2020","136642000.0","-0.000000000000000000805428571428571429"
"Maine","teacher_salaries_vocational_education","2011","18739000.0","0.000000000000000001559743589743589744"
"Maine","teacher_salaries_vocational_education","2012","18552000.0","0.000000000000000002211351351351351351"
"Maine","teacher_salaries_vocational_education","2013","17442000.0","0.000000000000000003454722222222222222"
"Maine","teacher_salaries_vocational_education","2014","17300000.0","0.000000000000000000175142857142857143"
"Maine","teacher_salaries_vocational_education","2015","17540000.0","-0.000000000000000002533823529411764706"
"Maine","teacher_salaries_vocational_education","2016","17999000.0","-0.000000000000000003574545454545454545"
"Maine","tech_related_equipment","2016","12471000.0","-0.000000000000000002133333333333333333"
"Maine","tech_related_supplies_services","2016","20500000.0","-0.000000000000000003368877551020408163"
"Maine","teacher_salaries_vocational_education","2017","18572000.0","-0.000000000000000002915454545454545455"
"Maine","tech_related_equipment","2017","12468000.0","0.000000000000000000766808510638297872"
"Maine","tech_related_supplies_services","2017","22269000.0","-0.000000000000000002431732673267326733"
"Maine","teacher_salaries_vocational_education","2018","18589000.0","0.000000000000000004759696969696969697"
"Maine","tech_related_equipment","2018","11358000.0","-0.000000000000000002238205128205128205"
"Maine","tech_related_supplies_services","2018","16399000.0","0.000000000000000000044500000000000000"
"Maine","teacher_salaries_vocational_education","2019","19872000.0","-0.000000000000000002579333333333333333"
"Maine","tech_related_equipment","2019","12927000.0","-0.000000000000000002337922077922077922"
"Maine","tech_related_supplies_services","2019","16123000.0","-0.000000000000000000710000000000000000"
"Maine","cares_act_expenditure_tech_related_equipment","2020","197000.0","0.000000000000000040476111111111111111"
"Maine","cares_act_expenditure_tech_related_supplies_services","2020","425000.0","0.000000000000000005046666666666666667"
"Maine","teacher_salaries_vocational_education","2020","20468000.0","-0.000000000000000002676451612903225806"
"Maine","tech_related_equipment","2020","14725000.0","0.000000000000000001013910256410256410"
"Maine","tech_related_supplies_services","2020","18076000.0","-0.000000000000000001428382352941176471"
"Maryland","teacher_salaries_vocational_education","2010","105103000.0","-0.000000000000000000545416666666666667"
"Maryland","teacher_salaries_vocational_education","2011","103780000.0","0.000000000000000003503750000000000000"
"Maryland","teacher_salaries_vocational_education","2012","104188000.0","-0.000000000000000000959166666666666667"
"Maryland","teacher_salaries_vocational_education","2013","96947000.0","-0.000000000000000001782173913043478261"
"Maryland","teacher_salaries_vocational_education","2014","96737000.0","0.000000000000000003204166666666666667"
"Maryland","teacher_salaries_vocational_education","2015","100693000.0","-0.000000000000000002879583333333333333"
"Maryland","teacher_salaries_vocational_education","2016","96303000.0","0.000000000000000004092500000000000000"
"Maryland","teacher_salaries_vocational_education","2017","88183000.0","-0.000000000000000000346956521739130435"
"Maryland","teacher_salaries_vocational_education","2018","88420000.0","0.000000000000000002468333333333333333"
"Maryland","teacher_salaries_vocational_education","2019","88989000.0","-0.000000000000000000506666666666666667"
"Maryland","teacher_salaries_vocational_education","2020","99076000.0","0.000000000000000001443913043478260870"
"Massachusetts","teacher_salaries_vocational_education","2014","224321000.0","0.000000000000000000805161290322580645"
"Massachusetts","teacher_salaries_vocational_education","2015","226883000.0","0.000000000000000001631833333333333333"
"Massachusetts","teacher_salaries_vocational_education","2016","233252000.0","0.000000000000000003839491525423728814"
"Massachusetts","teacher_salaries_vocational_education","2017","251945000.0","-0.000000000000000002514307692307692308"
"Massachusetts","teacher_salaries_vocational_education","2018","256942000.0","-0.000000000000000002824531250000000000"
"Massachusetts","teacher_salaries_vocational_education","2019","269729000.0","-0.000000000000000004254615384615384615"
"Massachusetts","cares_act_expenditure_tech_related_supplies_services","2020","161000.0","-0.000000000000000002996666666666666667"
"Massachusetts","teacher_salaries_vocational_education","2020","279838000.0","0.000000000000000001536721311475409836"
"Massachusetts","tech_related_supplies_services","2020","107738000.0","-0.000000000000000000774760383386581470"
"Michigan","teacher_salaries_vocational_education","2010","132109000.0","0.000000000000000000799326923076923077"
"Michigan","teacher_salaries_vocational_education","2011","118875000.0","-0.000000000000000000565675675675675676"
"Michigan","teacher_salaries_vocational_education","2012","111730000.0","-0.000000000000000000468881355932203390"
"Michigan","teacher_salaries_vocational_education","2013","107034000.0","-0.000000000000000001310588235294117647"
"Michigan","teacher_salaries_vocational_education","2014","104676000.0","0.000000000000000000322299651567944251"
"Michigan","teacher_salaries_vocational_education","2015","103959000.0","0.000000000000000001016172413793103448"
"Michigan","teacher_salaries_vocational_education","2016","102735000.0","0.000000000000000000474405594405594406"
"Michigan","teacher_salaries_vocational_education","2017","103868000.0","-0.000000000000000000515614035087719298"
"Michigan","teacher_salaries_vocational_education","2018","106812000.0","-0.000000000000000000237093425605536332"
"Michigan","teacher_salaries_vocational_education","2019","109648000.0","0.000000000000000000963840830449826990"
"Michigan","teacher_salaries_vocational_education","2020","114019000.0","-0.000000000000000000305326460481099656"
"Minnesota","teacher_salaries_vocational_education","2010","73810000.0","-0.000000000000000000828108108108108108"
"Minnesota","teacher_salaries_vocational_education","2011","70888000.0","-0.000000000000000001199277108433734940"
"Minnesota","teacher_salaries_vocational_education","2012","70241000.0","0.000000000000000000306261398176291793"
"Minnesota","teacher_salaries_vocational_education","2013","70031000.0","-0.000000000000000001292310030395136778"
"Minnesota","teacher_salaries_vocational_education","2014","71596000.0","-0.000000000000000000236920731707317073"
"Minnesota","teacher_salaries_vocational_education","2015","75218000.0","0.000000000000000000531314984709480122"
"Minnesota","teacher_salaries_vocational_education","2016","81216000.0","-0.000000000000000000614817073170731707"
"Minnesota","teacher_salaries_vocational_education","2017","87247000.0","0.000000000000000000156666666666666667"
"Minnesota","teacher_salaries_vocational_education","2018","88560000.0","-0.000000000000000001097787878787878788"
"Minnesota","tech_related_equipment","2018","68262000.0","0.000000000000000000953930635838150289"
"Minnesota","tech_related_supplies_services","2018","140041000.0","-0.000000000000000000297519379844961240"
"Minnesota","teacher_salaries_vocational_education","2019","95297000.0","-0.000000000000000000050759878419452888"
"Minnesota","tech_related_equipment","2019","71879000.0","0.000000000000000000112852852852852853"
"Minnesota","tech_related_supplies_services","2019","151439000.0","-0.000000000000000000214578005115089514"
"Minnesota","cares_act_expenditure_tech_related_equipment","2020","89000.0","-0.000000000000000004034166666666666667"
"Minnesota","cares_act_expenditure_tech_related_supplies_services","2020","3469000.0","0.000000000000000001906415094339622642"
"Minnesota","teacher_salaries_vocational_education","2020","98615000.0","-0.000000000000000000018475609756097561"
"Minnesota","tech_related_equipment","2020","68749000.0","-0.000000000000000001390797546012269939"
"Minnesota","tech_related_supplies_services","2020","161600000.0","-0.000000000000000000838508997429305913"
"Mississippi","teacher_salaries_vocational_education","2010","78489000.0","-0.000000000000000000953093525179856115"
"Mississippi","teacher_salaries_vocational_education","2011","75336000.0","0.000000000000000001000802919708029197"
"Mississippi","teacher_salaries_vocational_education","2012","73281000.0","0.000000000000000002255367647058823529"
"Mississippi","teacher_salaries_vocational_education","2013","73943000.0","0.000000000000000001302000000000000000"
"Mississippi","teacher_salaries_vocational_education","2014","73355000.0","0.000000000000000001443333333333333333"
"Mississippi","teacher_salaries_vocational_education","2015","77061000.0","0.000000000000000000068507462686567164"
"Mississippi","teacher_salaries_vocational_education","2016","78827000.0","0.000000000000000000684736842105263158"
"Mississippi","teacher_salaries_vocational_education","2017","78858000.0","-0.000000000000000000698345864661654135"
"Mississippi","teacher_salaries_vocational_education","2018","77492000.0","-0.000000000000000001114285714285714286"
"Mississippi","teacher_salaries_vocational_education","2019","78546000.0","-0.000000000000000002022977099236641221"
"Mississippi","cares_act_expenditure_tech_related_equipment","2020","1233000.0","0.000000000000000003388571428571428571"
"Mississippi","cares_act_expenditure_tech_related_supplies_services","2020","91000.0","0.000000000000000001363333333333333333"
"Mississippi","teacher_salaries_vocational_education","2020","81113000.0","-0.000000000000000001013740458015267176"
"Mississippi","tech_related_equipment","2020","1233000.0","0.000000000000000003388571428571428571"
"Mississippi","tech_related_supplies_services","2020","91000.0","0.000000000000000001363333333333333333"
"Missouri","teacher_salaries_vocational_education","2011","90207000.0","-0.000000000000000000276012269938650307"
"Missouri","teacher_salaries_vocational_education","2012","87229000.0","-0.000000000000000000534537037037037037"
"Missouri","teacher_salaries_vocational_education","2013","87745000.0","-0.000000000000000000510061538461538462"
"Missouri","teacher_salaries_vocational_education","2014","88381000.0","-0.000000000000000000824316109422492401"
"Missouri","teacher_salaries_vocational_education","2015","91886000.0","0.000000000000000000655210843373493976"
"Missouri","teacher_salaries_vocational_education","2016","93314000.0","-0.000000000000000000633945783132530120"
"Missouri","teacher_salaries_vocational_education","2017","96257000.0","0.000000000000000000230741839762611276"
"Missouri","tech_related_equipment","2017","2166000.0","0.000000000000000000244750000000000000"
"Missouri","tech_related_supplies_services","2017","141713000.0","0.000000000000000000470038910505836576"
"Missouri","teacher_salaries_vocational_education","2018","98922000.0","-0.000000000000000000165639534883720930"
"Missouri","tech_related_equipment","2018","3676000.0","-0.000000000000000000957619047619047619"
"Missouri","tech_related_supplies_services","2018","145220000.0","0.000000000000000000396218323586744639"
"Missouri","teacher_salaries_vocational_education","2019","112906000.0","0.000000000000000000526469072164948454"
"Missouri","tech_related_equipment","2019","38149000.0","-0.000000000000000001265375939849624060"
"Missouri","tech_related_supplies_services","2019","200108000.0","-0.000000000000000000532427184466019417"
"Missouri","cares_act_expenditure_tech_related_equipment","2020","608000.0","0.000000000000000006050000000000000000"
"Missouri","cares_act_expenditure_tech_related_supplies_services","2020","4191000.0","0.000000000000000001652608695652173913"
"Missouri","teacher_salaries_vocational_education","2020","114788000.0","-0.000000000000000000649413265306122449"
"Missouri","tech_related_equipment","2020","33559000.0","-0.000000000000000000614006849315068493"
"Missouri","tech_related_supplies_services","2020","216410000.0","0.000000000000000000118974854932301741"
"Montana","teacher_salaries_vocational_education","2016","22790000.0","-0.000000000000000000540416666666666667"
"Montana","teacher_salaries_vocational_education","2017","19926000.0","-0.000000000000000000286304347826086957"
"Montana","tech_related_equipment","2017","4373000.0","-0.000000000000000002640000000000000000"
"Montana","tech_related_supplies_services","2017","8500000.0","0.000000000000000002252619047619047619"
"Montana","teacher_salaries_vocational_education","2018","20040000.0","-0.000000000000000001611167883211678832"
"Montana","tech_related_equipment","2018","3094000.0","-0.000000000000000001582000000000000000"
"Montana","tech_related_supplies_services","2018","9223000.0","-0.000000000000000000272566844919786096"
"Montana","teacher_salaries_vocational_education","2019","19744000.0","-0.000000000000000000055777777777777778"
"Montana","tech_related_equipment","2019","1176000.0","-0.000000000000000005161481481481481481"
"Montana","tech_related_supplies_services","2019","10945000.0","0.000000000000000003598652173913043478"
"Montana","teacher_salaries_vocational_education","2020","20522000.0","-0.000000000000000001332104548148148148"
"Montana","tech_related_equipment","2020","1247000.0","0.000000000000000000645937500000000000"
"Montana","tech_related_supplies_services","2020","12995000.0","0.000000000000000000132304526748971193"
"Nebraska","teacher_salaries_vocational_education","2015","370000.0","0.000000000000000000134871794871794872"
"Nebraska","teacher_salaries_vocational_education","2016","1026000.0","0.000000000000000000846000000000000000"
"Nebraska","teacher_salaries_vocational_education","2017","517000.0","-0.000000000000000012478780487804878049"
"Nebraska","teacher_salaries_vocational_education","2018","433000.0","-0.000000000000000000841000000000000000"
"Nebraska","teacher_salaries_vocational_education","2019","2958000.0","-0.000000000000000000275428571428571429"
"Nebraska","tech_related_equipment","2019","23896000.0","-0.000000000000000000201100000000000000"
"Nebraska","tech_related_supplies_services","2019","40594000.0","0.000000000000000001127790697674418605"
"Nebraska","cares_act_expenditure_tech_related_equipment","2020","2881000.0","0.000000000000000002833437500000000000"
"Nebraska","cares_act_expenditure_tech_related_supplies_services","2020","1557000.0","0.000000000000000009790740740740740741"
"Nebraska","teacher_salaries_vocational_education","2020","216000.0","-0.000000000000000000967500000000000000"
"Nebraska","tech_related_equipment","2020","27468000.0","-0.000000000000000000111306532663316583"
"Nebraska","tech_related_supplies_services","2020","56771000.0","-0.000000000000000000150536398467432950"
"Nevada","teacher_salaries_vocational_education","2010","16698000.0","0.000000000000000001211875000000000000"
"Nevada","teacher_salaries_vocational_education","2011","15620000.0","-0.000000000000000003663125000000000000"
"Nevada","teacher_salaries_vocational_education","2012","15098000.0","0.000000000000000004856250000000000000"
"Nevada","teacher_salaries_vocational_education","2013","14922000.0","-0.000000000000000002942666666666666667"
"Nevada","teacher_salaries_vocational_education","2014","15183000.0","0.000000000000000001154666666666666667"
"Nevada","teacher_salaries_vocational_education","2015","15166000.0","0.000000000000000002277333333333333333"
"Nevada","tech_related_equipment","2015","12229000.0","0.000000000000000001969166666666666667"
"Nevada","tech_related_supplies_services","2015","95332000.0","0.000000000000000000392352941176470588"
"Nevada","teacher_salaries_vocational_education","2016","15400000.0","-0.000000000000000001214666666666666667"
"Nevada","tech_related_equipment","2016","3233000.0","-0.000000000000000004343333333333333333"
"Nevada","tech_related_supplies_services","2016","74562000.0","0.000000000000000002124705882352941176"
"Nevada","teacher_salaries_vocational_education","2017","15772000.0","-0.000000000000000000356000000000000000"
"Nevada","tech_related_equipment","2017","10682000.0","-0.000000000000000000606923076923076923"
"Nevada","tech_related_supplies_services","2017","100629000.0","-0.000000000000000000843529411764705882"
"Nevada","teacher_salaries_vocational_education","2018","15495000.0","0.000000000000000000398000000000000000"
"Nevada","tech_related_equipment","2018","4607000.0","-0.000000000000000002539166666666666667"
"Nevada","tech_related_supplies_services","2018","105520000.0","-0.000000000000000002112352941176470588"
"Nevada","teacher_salaries_vocational_education","2019","16762000.0","0.000000000000000000264000000000000000"
"Nevada","tech_related_equipment","2019","5578000.0","0.000000000000000000014666666666666667"
"Nevada","tech_related_supplies_services","2019","114630000.0","0.000000000000000000669411764705882353"
"Nevada","cares_act_expenditure_tech_related_supplies_services","2020","21000.0",NULL
"Nevada","teacher_salaries_vocational_education","2020","18426000.0","0.000000000000000001575333333333333333"
"Nevada","tech_related_equipment","2020","4948000.0","0.000000000000000002817857142857142857"
"Nevada","tech_related_supplies_services","2020","117419000.0","-0.000000000000000002397647058823529412"
"New Hampshire","teacher_salaries_vocational_education","2010","24273000.0","-0.000000000000000000234102564102564103"
"New Hampshire","teacher_salaries_vocational_education","2011","24409000.0","-0.000000000000000002871351351351351351"
"New Hampshire","teacher_salaries_vocational_education","2012","23348000.0","-0.000000000000000001485428571428571429"
"New Hampshire","teacher_salaries_vocational_education","2013","23156000.0","0.000000000000000000545555555555555556"
"New Hampshire","teacher_salaries_vocational_education","2014","22761000.0","0.000000000000000001648285714285714286"
"New Hampshire","teacher_salaries_vocational_education","2015","22775000.0","-0.000000000000000002259428571428571429"
"New Hampshire","teacher_salaries_vocational_education","2016","22757000.0","-0.000000000000000001620303030303030303"
"New Hampshire","teacher_salaries_vocational_education","2017","22446000.0","0.000000000000000001964242424242424242"
"New Hampshire","teacher_salaries_vocational_education","2018","19960000.0","-0.000000000000000001756250000000000000"
"New Hampshire","teacher_salaries_vocational_education","2019","20153000.0","-0.000000000000000000177812500000000000"
"New Hampshire","teacher_salaries_vocational_education","2020","23553000.0","0.000000000000000001420882352941176471"
"New Jersey","teacher_salaries_vocational_education","2010","105560000.0","0.000000000000000000728478260869565217"
"New Jersey","teacher_salaries_vocational_education","2011","96603000.0","0.000000000000000001993571428571428571"
"New Jersey","teacher_salaries_vocational_education","2012","94091000.0","0.000000000000000000478571428571428571"
"New Jersey","teacher_salaries_vocational_education","2013","99534000.0","-0.000000000000000000500810810810810811"
"New Jersey","teacher_salaries_vocational_education","2014","98455000.0","0.000000000000000000373235294117647059"
"New Jersey","teacher_salaries_vocational_education","2015","98015000.0","-0.000000000000000000062424242424242424"
"New Jersey","teacher_salaries_vocational_education","2016","97807000.0","0.000000000000000000779696969696969697"
"New Jersey","teacher_salaries_vocational_education","2017","98639000.0","-0.000000000000000001767878787878787879"
"New Jersey","teacher_salaries_vocational_education","2018","98554000.0","-0.0000000000000000000046875000000000000000"
"New Jersey","teacher_salaries_vocational_education","2019","102989000.0","-0.000000000000000001382352941176470588"
"New Jersey","teacher_salaries_vocational_education","2020","107012000.0","0.000000000000000000205142857142857143"
"New Mexico","teacher_salaries_vocational_education","2010","20799000.0","0.000000000000000001829516129032258065"
"New Mexico","teacher_salaries_vocational_education","2011","19399000.0","-0.000000000000000001737704918032786885"
"New Mexico","teacher_salaries_vocational_education","2012","19250000.0","-0.000000000000000000688923076923076923"
"New Mexico","teacher_salaries_vocational_education","2013","19215000.0","0.000000000000000000172428571428571429"
"New Mexico","teacher_salaries_vocational_education","2014","19277000.0","-0.000000000000000001690571428571428571"
"New Mexico","teacher_salaries_vocational_education","2015","19587000.0","0.000000000000000000630684931506849315"
"New Mexico","tech_related_supplies_services","2015","50875000.0","-0.000000000000000000010112359550561798"
"New Mexico","teacher_salaries_vocational_education","2016","20730000.0","-0.000000000000000000609718309859154930"
"New Mexico","tech_related_equipment","2016","9733000.0","-0.000000000000000001090000000000000000"
"New Mexico","tech_related_supplies_services","2016","48434000.0","-0.000000000000000001658089887640449438"
"New Mexico","teacher_salaries_vocational_education","2017","20213000.0","-0.000000000000000000549014084507042254"
"New Mexico","tech_related_supplies_services","2017","50060000.0","0.000000000000000000147977528089887640"
"New Mexico","teacher_salaries_vocational_education","2018","19533000.0","-0.000000000000000000176164383561643836"
"New Mexico","tech_related_supplies_services","2018","49265000.0","0.000000000000000000927415730337078652"
"New Mexico","teacher_salaries_vocational_education","2020","25149000.0","-0.000000000000000001434266666666666667"
"New York","teacher_salaries_vocational_education","2010","650518000.0","-0.000000000000000000024058577405857741"
"New York","teacher_salaries_vocational_education","2011","695526000.0","-0.000000000000000000070349344978165939"
"New York","teacher_salaries_vocational_education","2012","711379000.0","-0.000000000000000000181022222222222222"
"New York","teacher_salaries_vocational_education","2013","703912000.0","0.000000000000000000010352422907488987"
"New York","teacher_salaries_vocational_education","2014","716989000.0","-0.000000000000000000073982300884955752"
"New York","teacher_salaries_vocational_education","2015","678435000.0","-0.000000000000000000177972972972972973"
"New York","teacher_salaries_vocational_education","2016","811016000.0","-0.000000000000000000133242009132420091"
"New York","teacher_salaries_vocational_education","2017","817984000.0","0.000000000000000000015345622119815668"
"New York","teacher_salaries_vocational_education","2018","836742000.0","-0.000000000000000000018113207547169811"
"New York","teacher_salaries_vocational_education","2019","916096000.0","-0.000000000000000000096603773584905660"
"New York","teacher_salaries_vocational_education","2020","978967000.0","-0.000000000000000000153000000000000000"
"North Carolina","teacher_salaries_vocational_education","2010","262507000.0","-0.000000000000000000958000000000000000"
"North Carolina","teacher_salaries_vocational_education","2011","253994000.0","0.000000000000000000121304347826086957"
"North Carolina","teacher_salaries_vocational_education","2012","246384000.0","-0.000000000000000000115913043478260870"
"North Carolina","teacher_salaries_vocational_education","2013","246598000.0","-0.000000000000000000175739130434782609"
"North Carolina","teacher_salaries_vocational_education","2014","243957000.0","-0.000000000000000000037391304347826087"
"North Carolina","teacher_salaries_vocational_education","2015","261240000.0","-0.000000000000000001064521739130434783"
"North Carolina","tech_related_equipment","2015","38486000.0","0.000000000000000000745185185185185185"
"North Carolina","tech_related_supplies_services","2015","234362000.0","0.000000000000000000272956521739130435"
"North Carolina","teacher_salaries_vocational_education","2016","267135000.0","0.000000000000000000821130434782608696"
"North Carolina","tech_related_equipment","2016","39445000.0","0.000000000000000000296625000000000000"
"North Carolina","tech_related_supplies_services","2016","235520000.0","0.000000000000000001866782608695652174"
"North Carolina","teacher_salaries_vocational_education","2017","277661000.0","-0.000000000000000000184173913043478261"
"North Carolina","tech_related_equipment","2017","48241000.0","0.000000000000000000783787878787878788"
"North Carolina","tech_related_supplies_services","2017","265198000.0","0.000000000000000000447130434782608696"
"North Carolina","teacher_salaries_vocational_education","2018","283290000.0","-0.000000000000000000485043478260869565"
"North Carolina","tech_related_equipment","2018","60715000.0","-0.000000000000000000706507936507936508"
"North Carolina","tech_related_supplies_services","2018","239074000.0","-0.000000000000000000355478260869565217"
"North Carolina","teacher_salaries_vocational_education","2019","296241000.0","0.000000000000000000303565217391304348"
"North Carolina","tech_related_equipment","2019","35276000.0","-0.000000000000000000090447761194029851"
"North Carolina","tech_related_supplies_services","2019","250850000.0","0.000000000000000000507217391304347826"
"North Carolina","cares_act_expenditure_tech_related_supplies_services","2020","2361000.0","-0.000000000000000000131600000000000000"
"North Carolina","teacher_salaries_vocational_education","2020","294592000.0","-0.000000000000000000052260869565217391"
"North Carolina","tech_related_equipment","2020","54659000.0","0.000000000000000001005322580645161290"
"North Carolina","tech_related_supplies_services","2020","279877000.0","0.000000000000000001393304347826086957"
"North Dakota","teacher_salaries_vocational_education","2010","23236000.0","0.000000000000000000936750000000000000"
"North Dakota","teacher_salaries_vocational_education","2011","23980000.0","0.000000000000000000869256198347107438"
"North Dakota","teacher_salaries_vocational_education","2012","24913000.0","0.000000000000000001007916666666666667"
"North Dakota","teacher_salaries_vocational_education","2013","24842000.0","-0.000000000000000001146916666666666667"
"North Dakota","teacher_salaries_vocational_education","2014","26026000.0","-0.000000000000000001594869565217391304"
"North Dakota","teacher_salaries_vocational_education","2015","26813000.0","0.000000000000000000646991150442477876"
"North Dakota","teacher_salaries_vocational_education","2016","28562000.0","-0.000000000000000000989826086956521739"
"North Dakota","teacher_salaries_vocational_education","2017","29623000.0","-0.000000000000000000400423728813559322"
"North Dakota","teacher_salaries_vocational_education","2018","30087000.0","0.000000000000000002396929824561403509"
"North Dakota","teacher_salaries_vocational_education","2019","29878000.0","-0.000000000000000001899230769230769231"
"North Dakota","teacher_salaries_vocational_education","2020","31121000.0","-0.000000000000000001457241379310344828"
"Ohio","teacher_salaries_vocational_education","2010","339152000.0","-0.000000000000000000091690909090909091"
"Ohio","teacher_salaries_vocational_education","2011","326475000.0","-0.000000000000000000295372050816696915"
"Ohio","teacher_salaries_vocational_education","2012","313495000.0","-0.000000000000000000144595588235294118"
"Ohio","teacher_salaries_vocational_education","2013","305644000.0","-0.000000000000000000032286245353159851"
"Ohio","teacher_salaries_vocational_education","2014","287075000.0","-0.000000000000000000519790874524714829"
"Ohio","teacher_salaries_vocational_education","2015","285258000.0","0.000000000000000000122100192678227360"
"Ohio","teacher_salaries_vocational_education","2016","281016000.0","-0.000000000000000000198376237623762376"
"Ohio","tech_related_equipment","2016","85464000.0","-0.000000000000000000458125000000000000"
"Ohio","tech_related_supplies_services","2016","444623000.0","0.000000000000000000261028169014084507"
"Ohio","teacher_salaries_vocational_education","2017","293226000.0","0.000000000000000000142825651302605210"
"Ohio","tech_related_equipment","2017","87359000.0","-0.000000000000000000167031802120141343"
"Ohio","tech_related_supplies_services","2017","455395000.0","-0.000000000000000000048818565400843882"
"Ohio","teacher_salaries_vocational_education","2018","302719000.0","-0.000000000000000000497090909090909091"
"Ohio","tech_related_equipment","2018","84232000.0","0.000000000000000000103664383561643836"
"Ohio","tech_related_supplies_services","2018","475471000.0","0.000000000000000000462242595204513399"
"Ohio","teacher_salaries_vocational_education","2019","313507000.0","0.000000000000000000419531568228105906"
"Ohio","tech_related_equipment","2019","95511000.0","-0.000000000000000000621354166666666667"
"Ohio","tech_related_supplies_services","2019","489247000.0","0.000000000000000000028010882602545969"
"Ohio","cares_act_expenditure_tech_related_equipment","2020","592000.0","-0.000000000000000001334000000000000000"
"Ohio","cares_act_expenditure_tech_related_supplies_services","2020","1724000.0","0.000000000000000004214285714285714286"
"Ohio","teacher_salaries_vocational_education","2020","325087000.0","0.000000000000000000309028925619834711"
"Ohio","tech_related_equipment","2020","84964000.0","0.000000000000000000088728522336769759"
"Ohio","tech_related_supplies_services","2020","493747000.0","0.000000000000000000157937853107344633"
"Oklahoma","teacher_salaries_vocational_education","2011","46117000.0","-0.000000000000000001821542416452442159"
"Oklahoma","teacher_salaries_vocational_education","2012","45674000.0","-0.000000000000000000027338501291989664"
"Oklahoma","teacher_salaries_vocational_education","2013","44693000.0","0.000000000000000004077028423772609819"
"Oklahoma","teacher_salaries_vocational_education","2014","44103000.0","0.000000000000000003269328165374677003"
"Oklahoma","teacher_salaries_vocational_education","2015","44001000.0","0.000000000000000001674496124031007752"
"Oklahoma","tech_related_equipment","2015","20863000.0","0.000000000000000001996061643835616438"
"Oklahoma","tech_related_supplies_services","2015","91723000.0","-0.000000000000000000280079207920792079"
"Oklahoma","teacher_salaries_vocational_education","2016","43305000.0","-0.000000000000000000211683937823834197"
"Oklahoma","tech_related_equipment","2016","19164000.0","0.000000000000000001542519685039370079"
"Oklahoma","tech_related_supplies_services","2016","96690000.0","0.000000000000000000267170923379174853"
"Oklahoma","teacher_salaries_vocational_education","2017","42307000.0","-0.000000000000000001576657963446475196"
"Oklahoma","tech_related_equipment","2017","19609000.0","0.000000000000000001002731481481481481"
"Oklahoma","tech_related_supplies_services","2017","140934000.0","-0.000000000000000000054410058027079304"
"Oklahoma","teacher_salaries_vocational_education","2018","42298000.0","-0.000000000000000003801906005221932115"
"Oklahoma","tech_related_equipment","2018","22874000.0","0.000000000000000000472165898617511521"
"Oklahoma","tech_related_supplies_services","2018","155825000.0","-0.000000000000000000479941747572815534"
"Oklahoma","teacher_salaries_vocational_education","2019","48808000.0","0.000000000000000002489216710182767624"
"Oklahoma","tech_related_equipment","2019","19660000.0","-0.000000000000000001719398148148148148"
"Oklahoma","tech_related_supplies_services","2019","185993000.0","-0.000000000000000000446407766990291262"
"Oklahoma","cares_act_expenditure_tech_related_equipment","2020","126000.0","0.000000000000000011364285714285714286"
"Oklahoma","cares_act_expenditure_tech_related_supplies_services","2020","5756000.0","0.000000000000000003492636363636363636"
"Oklahoma","teacher_salaries_vocational_education","2020","52535000.0","0.000000000000000000825754475703324808"
"Oklahoma","tech_related_equipment","2020","17334000.0","0.000000000000000000784171122994652406"
"Oklahoma","tech_related_supplies_services","2020","205804000.0","0.000000000000000000140524271844660194"
"Oregon","teacher_salaries_vocational_education","2010","38090000.0","-0.000000000000000001473986013986013986"
"Oregon","teacher_salaries_vocational_education","2011","35167000.0","-0.000000000000000001339859154929577465"
"Oregon","teacher_salaries_vocational_education","2012","30121000.0","-0.000000000000000000478156028368794326"
"Oregon","teacher_salaries_vocational_education","2013","29928000.0","-0.000000000000000000920140845070422535"
"Oregon","teacher_salaries_vocational_education","2014","30169000.0","-0.000000000000000001889004588652482270"
"Oregon","teacher_salaries_vocational_education","2015","33129000.0","-0.000000000000000000312816901408450704"
"Oregon","teacher_salaries_vocational_education","2016","35507000.0","0.000000000000000000633333333333333333"
"Oregon","tech_related_equipment","2016","12863000.0","0.000000000000000001330000000000000000"
"Oregon","teacher_salaries_vocational_education","2017","41079000.0","0.000000000000000001399655172413793103"
"Oregon","tech_related_equipment","2017","13334000.0","-0.000000000000000000664925373134328358"
"Oregon","teacher_salaries_vocational_education","2018","42680000.0","-0.000000000000000000184965986394557823"
"Oregon","tech_related_equipment","2018","16357000.0","0.000000000000000003058571428571428571"
"Oregon","tech_related_supplies_services","2018","43741000.0","-0.000000000000000000744313725490196078"
"Oregon","teacher_salaries_vocational_education","2019","46967000.0","0.000000000000000001482200000000000000"
"Oregon","tech_related_equipment","2019","11185000.0","0.000000000000000002321967213114754098"
"Oregon","teacher_salaries_vocational_education","2020","47707000.0","-0.000000000000000000514563758389261745"
"Oregon","tech_related_equipment","2020","10654000.0","-0.000000000000000001009508196721311475"
"Pennsylvania","teacher_salaries_vocational_education","2010","285362000.0","0.0000000000000000000050000000000000000000"
"Pennsylvania","teacher_salaries_vocational_education","2011","278007000.0","0.000000000000000000439897959183673469"
"Pennsylvania","teacher_salaries_vocational_education","2012","248457000.0","0.000000000000000000281391076115485564"
"Pennsylvania","teacher_salaries_vocational_education","2013","241331000.0","-0.000000000000000000770608465608465608"
"Pennsylvania","teacher_salaries_vocational_education","2014","236377000.0","-0.000000000000000001366283422459893048"
"Pennsylvania","teacher_salaries_vocational_education","2015","233771000.0","0.000000000000000000179621621621621622"
"Pennsylvania","teacher_salaries_vocational_education","2016","233760000.0","0.000000000000000000759811827956989247"
"Pennsylvania","tech_related_supplies_services","2016","201837000.0","0.0000000000000000000053703703703703703704"
"Pennsylvania","teacher_salaries_vocational_education","2017","235174000.0","0.000000000000000000612864864864864865"
"Pennsylvania","tech_related_equipment","2017","125853000.0","0.000000000000000000140752941176470588"
"Pennsylvania","tech_related_supplies_services","2017","274560000.0","0.000000000000000000598588235294117647"
"Pennsylvania","teacher_salaries_vocational_education","2018","234583000.0","0.000000000000000000190054495912806540"
"Pennsylvania","tech_related_equipment","2018","131766000.0","0.000000000000000000022222222222222222"
"Pennsylvania","tech_related_supplies_services","2018","322184000.0","-0.000000000000000000229966273187183811"
"Pennsylvania","teacher_salaries_vocational_education","2019","235793000.0","0.000000000000000000865206611570247934"
"Pennsylvania","tech_related_equipment","2019","130669000.0","-0.000000000000000000120119617224880383"
"Pennsylvania","tech_related_supplies_services","2019","360356000.0","-0.000000000000000000583035413153456998"
"Pennsylvania","cares_act_expenditure_tech_related_equipment","2020","4091000.0","0.000000000000000000220833333333333333"
"Pennsylvania","cares_act_expenditure_tech_related_supplies_services","2020","14288000.0","0.000000000000000000367267441860465116"
"Pennsylvania","teacher_salaries_vocational_education","2020","237172000.0","0.000000000000000000370798898071625344"
"Pennsylvania","tech_related_equipment","2020","145585000.0","-0.000000000000000000175354691075514874"
"Pennsylvania","tech_related_supplies_services","2020","397570000.0","-0.000000000000000000430690235690235690"
"Rhode Island","teacher_salaries_vocational_education","2010","8473000.0","0.000000000000000010620000000000000000"
"Rhode Island","teacher_salaries_vocational_education","2011","7464000.0","-0.000000000000000013567692307692307692"
"Rhode Island","teacher_salaries_vocational_education","2012","7705000.0","-0.000000000000000004607777777777777778"
"Rhode Island","teacher_salaries_vocational_education","2013","7841000.0","0.000000000000000001085000000000000000"
"Rhode Island","teacher_salaries_vocational_education","2014","8202000.0","0.000000000000000001675454545454545455"
"Rhode Island","teacher_salaries_vocational_education","2015","9282000.0","0.000000000000000002354705882352941176"
"Rhode Island","tech_related_equipment","2015","27904000.0","-0.000000000000000002762631578947368421"
"Rhode Island","tech_related_supplies_services","2015","14168000.0","-0.000000000000000000168500000000000000"
"Rhode Island","teacher_salaries_vocational_education","2016","10241000.0","0.000000000000000001293157894736842105"
"Rhode Island","tech_related_equipment","2016","22383000.0","-0.000000000000000000124473684210526316"
"Rhode Island","tech_related_supplies_services","2016","14695000.0","-0.000000000000000000788500000000000000"
"Rhode Island","teacher_salaries_vocational_education","2017","10930000.0","0.000000000000000003612222222222222222"
"Rhode Island","tech_related_equipment","2017","23808000.0","-0.000000000000000000683421052631578947"
"Rhode Island","tech_related_supplies_services","2017","16918000.0","-0.000000000000000001395641025641025641"
"Rhode Island","teacher_salaries_vocational_education","2018","12786000.0","0.000000000000000002690476190476190476"
"Rhode Island","tech_related_equipment","2018","21396000.0","-0.000000000000000000243157894736842105"
"Rhode Island","tech_related_supplies_services","2018","17828000.0","0.000000000000000001163684210526315789"
"Rhode Island","teacher_salaries_vocational_education","2019","13991000.0","-0.000000000000000001185238095238095238"
"Rhode Island","tech_related_equipment","2019","18187000.0","0.000000000000000000011315789473684211"
"Rhode Island","tech_related_supplies_services","2019","17849000.0","0.000000000000000000560769230769230769"
"Rhode Island","cares_act_expenditure_tech_related_equipment","2020","1053000.0","0.000000000000000007492727272727272727"
"Rhode Island","cares_act_expenditure_tech_related_supplies_services","2020","333000.0","-0.000000000000000003293333333333333333"
"Rhode Island","teacher_salaries_vocational_education","2020","15480000.0","0.000000000000000003350952380952380952"
"Rhode Island","tech_related_equipment","2020","16909000.0","0.000000000000000000780512820512820513"
"Rhode Island","tech_related_supplies_services","2020","19801000.0","-0.000000000000000002179743589743589744"
"South Carolina","teacher_salaries_vocational_education","2010","98060000.0","-0.000000000000000000217263157894736842"
"South Carolina","teacher_salaries_vocational_education","2011","91893000.0","-0.000000000000000000995531914893617021"
"South Carolina","teacher_salaries_vocational_education","2012","91611000.0","-0.000000000000000000694731182795698925"
"South Carolina","teacher_salaries_vocational_education","2013","93936000.0","-0.000000000000000000500555555555555556"
"South Carolina","teacher_salaries_vocational_education","2014","94656000.0","0.000000000000000000094555555555555556"
"South Carolina","teacher_salaries_vocational_education","2015","102068000.0","-0.000000000000000000046629213483146067"
"South Carolina","tech_related_equipment","2015","50513000.0","-0.000000000000000000548627450980392157"
"South Carolina","teacher_salaries_vocational_education","2016","103452000.0","-0.000000000000000000390674157303370787"
"South Carolina","tech_related_equipment","2016","40453000.0","0.000000000000000002747500000000000000"
"South Carolina","teacher_salaries_vocational_education","2017","105390000.0","-0.000000000000000001063707865168539326"
"South Carolina","tech_related_equipment","2017","15705000.0","-0.000000000000000002393928571428571429"
"South Carolina","teacher_salaries_vocational_education","2018","106163000.0","0.000000000000000001171011235955056180"
"South Carolina","tech_related_equipment","2018","22166000.0","-0.000000000000000001410312500000000000"
"South Carolina","teacher_salaries_vocational_education","2019","107021000.0","-0.000000000000000000379550561797752809"
"South Carolina","tech_related_equipment","2019","32493000.0","-0.000000000000000001049677419354838710"
"South Carolina","teacher_salaries_vocational_education","2020","110989000.0","0.000000000000000000644823529411764706"
"South Carolina","tech_related_equipment","2020","20470000.0","-0.000000000000000000030000000000000000"
"South Dakota","teacher_salaries_vocational_education","2010","15284000.0","-0.000000000000000000739602649006622517"
"South Dakota","teacher_salaries_vocational_education","2011","18249000.0","0.000000000000000000199662162162162162"
"South Dakota","teacher_salaries_vocational_education","2012","17613000.0","0.000000000000000000256333333333333333"
"South Dakota","teacher_salaries_vocational_education","2013","17458000.0","-0.000000000000000001062751677852348993"
"South Dakota","teacher_salaries_vocational_education","2014","17363000.0","-0.000000000000000000526875000000000000"
"South Dakota","teacher_salaries_vocational_education","2015","17975000.0","-0.000000000000000002225410958904109589"
"South Dakota","tech_related_equipment","2015","10390000.0","-0.000000000000000000805121951219512195"
"South Dakota","tech_related_supplies_services","2015","10282000.0","-0.000000000000000001410934579439252336"
"South Dakota","teacher_salaries_vocational_education","2016","18846000.0","0.000000000000000001124689655172413793"
"South Dakota","tech_related_equipment","2016","14736000.0","0.000000000000000000479647058823529412"
"South Dakota","tech_related_supplies_services","2016","10198000.0","0.000000000000000000647314814814814815"
"South Dakota","teacher_salaries_vocational_education","2017","20620000.0","0.000000000000000000174726027397260274"
"South Dakota","tech_related_equipment","2017","13213000.0","0.000000000000000001167790697674418605"
"South Dakota","tech_related_supplies_services","2017","18740000.0","0.000000000000000000123758389261744966"
"South Dakota","teacher_salaries_vocational_education","2018","20512000.0","-0.000000000000000000045342465753424658"
"South Dakota","tech_related_equipment","2018","11811000.0","0.000000000000000000801529411764705882"
"South Dakota","tech_related_supplies_services","2018","18556000.0","0.000000000000000002332214765100671141"
"South Dakota","teacher_salaries_vocational_education","2019","21122000.0","0.000000000000000001250419580419580420"
"South Dakota","tech_related_equipment","2019","11046000.0","0.000000000000000001872771084337349398"
"South Dakota","tech_related_supplies_services","2019","20182000.0","-0.000000000000000000959047619047619048"
"South Dakota","cares_act_expenditure_tech_related_equipment","2020","103000.0","0.000000000000000003278000000000000000"
"South Dakota","cares_act_expenditure_tech_related_supplies_services","2020","130000.0","0.000000000000000008194285714285714286"
"South Dakota","teacher_salaries_vocational_education","2020","21643000.0","-0.000000000000000000121736111111111111"
"South Dakota","tech_related_equipment","2020","8361000.0","-0.000000000000000000666500000000000000"
"South Dakota","tech_related_supplies_services","2020","20891000.0","0.000000000000000001433265306122448980"
"Tennessee","teacher_salaries_vocational_education","2010","147097000.0","0.000000000000000000099159663865546218"
"Tennessee","teacher_salaries_vocational_education","2011","146653000.0","0.000000000000000000861260504201680672"
"Tennessee","teacher_salaries_vocational_education","2012","141410000.0","-0.000000000000000000526166666666666667"
"Tennessee","teacher_salaries_vocational_education","2013","142086000.0","-0.000000000000000000616583333333333333"
"Tennessee","teacher_salaries_vocational_education","2014","141731000.0","-0.000000000000000000025042016806722689"
"Tennessee","teacher_salaries_vocational_education","2015","137376000.0","-0.000000000000000001764320000000000000"
"Tennessee","tech_related_equipment","2015","21637000.0","0.000000000000000000793333333333333333"
"Tennessee","tech_related_supplies_services","2015","7167000.0","-0.000000000000000000678974358974358974"
"Tennessee","teacher_salaries_vocational_education","2016","139238000.0","-0.000000000000000000111290322580645161"
"Tennessee","tech_related_equipment","2016","9597000.0","-0.000000000000000000155161290322580645"
"Tennessee","tech_related_supplies_services","2016","8821000.0","-0.0000000000000000000021686746987951807229"
"Tennessee","teacher_salaries_vocational_education","2017","142584000.0","0.000000000000000000262000000000000000"
"Tennessee","tech_related_equipment","2017","26374000.0","0.000000000000000000574880952380952381"
"Tennessee","tech_related_supplies_services","2017","49749000.0","-0.000000000000000000206793893129770992"
"Tennessee","teacher_salaries_vocational_education","2018","146202000.0","0.000000000000000000269280000000000000"
"Tennessee","tech_related_equipment","2018","36630000.0","-0.000000000000000000250769230769230769"
"Tennessee","tech_related_supplies_services","2018","61610000.0","0.000000000000000000442411347517730496"
"Tennessee","teacher_salaries_vocational_education","2019","146822000.0","-0.0000000000000000000049600000000000000000"
"Tennessee","tech_related_equipment","2019","34761000.0","-0.000000000000000000272477064220183486"
"Tennessee","tech_related_supplies_services","2019","77304000.0","0.000000000000000000900642857142857143"
"Tennessee","teacher_salaries_vocational_education","2020","150604000.0","0.000000000000000000099760000000000000"
"Tennessee","tech_related_equipment","2020","40952000.0","0.000000000000000001190560747663551402"
"Tennessee","tech_related_supplies_services","2020","79375000.0","-0.000000000000000000129290780141843972"
"Texas","teacher_salaries_vocational_education","2012","638448000.0","0.000000000000000000361484135107471853"
"Texas","teacher_salaries_vocational_education","2013","653669000.0","0.000000000000000000223114080164439877"
"Texas","teacher_salaries_vocational_education","2014","686143000.0","-0.000000000000000000210061412487205732"
"Texas","teacher_salaries_vocational_education","2015","729180000.0","0.0000000000000000000068442622950819672131"
"Texas","teacher_salaries_vocational_education","2016","772210000.0","0.000000000000000000444570552147239264"
"Texas","teacher_salaries_vocational_education","2017","798912000.0","0.000000000000000000085117707267144319"
"Texas","teacher_salaries_vocational_education","2018","846121000.0","-0.000000000000000000234323499491353001"
"Texas","teacher_salaries_vocational_education","2019","876358000.0","-0.000000000000000000013505572441742655"
"Texas","teacher_salaries_vocational_education","2020","941004000.0","0.000000000000000000211605691056910569"
"Utah","teacher_salaries_vocational_education","2010","61435000.0","-0.000000000000000001388292682926829268"
"Utah","teacher_salaries_vocational_education","2011","65299000.0","-0.000000000000000000533902439024390244"
"Utah","teacher_salaries_vocational_education","2012","65263000.0","0.000000000000000000343170731707317073"
"Utah","teacher_salaries_vocational_education","2013","75289000.0","-0.000000000000000000815121951219512195"
"Utah","teacher_salaries_vocational_education","2014","67012000.0","-0.000000000000000002640975609756097561"
"Utah","teacher_salaries_vocational_education","2015","68933000.0","0.000000000000000000889024390243902439"
"Utah","tech_related_equipment","2015","12512000.0","-0.000000000000000000271428571428571429"
"Utah","teacher_salaries_vocational_education","2016","69726000.0","-0.000000000000000002116097560975609756"
"Utah","teacher_salaries_vocational_education","2017","75613000.0","-0.000000000000000001154878048780487805"
"Utah","tech_related_equipment","2017","25520000.0","0.000000000000000000395000000000000000"
"Utah","tech_related_supplies_services","2017","43426000.0","0.000000000000000000690000000000000000"
"Utah","teacher_salaries_vocational_education","2018","79548000.0","-0.000000000000000002135609756097560976"
"Utah","tech_related_equipment","2018","23451000.0","-0.000000000000000002067586206896551724"
"Utah","tech_related_supplies_services","2018","79922000.0","0.000000000000000001832926829268292683"
"Utah","teacher_salaries_vocational_education","2019","85572000.0","0.000000000000000001143658536585365854"
"Utah","tech_related_equipment","2019","20470000.0","-0.000000000000000001631333333333333333"
"Utah","tech_related_supplies_services","2019","97508000.0","-0.000000000000000000186829268292682927"
"Utah","cares_act_expenditure_tech_related_equipment","2020","192000.0",NULL
"Utah","cares_act_expenditure_tech_related_supplies_services","2020","650000.0","0.000000000000000000631250000000000000"
"Utah","teacher_salaries_vocational_education","2020","91056000.0","0.000000000000000002831951219512195122"
"Utah","tech_related_equipment","2020","24288000.0","-0.000000000000000002938214285714285714"
"Utah","tech_related_supplies_services","2020","104843000.0","-0.000000000000000002036585365853658537"
"Vermont","teacher_salaries_vocational_education","2010","16068000.0","0.000000000000000001597500000000000000"
"Vermont","teacher_salaries_vocational_education","2011","17255000.0","-0.000000000000000001956875000000000000"
"Vermont","teacher_salaries_vocational_education","2012","16383000.0","-0.000000000000000003964666666666666667"
"Vermont","teacher_salaries_vocational_education","2013","15247000.0","0.000000000000000001680000000000000000"
"Vermont","teacher_salaries_vocational_education","2014","16728000.0","0.000000000000000001582500000000000000"
"Vermont","teacher_salaries_vocational_education","2015","16484000.0","-0.000000000000000002640000000000000000"
"Vermont","teacher_salaries_vocational_education","2016","14837000.0","-0.000000000000000001328461538461538462"
"Vermont","teacher_salaries_vocational_education","2017","16154000.0","0.000000000000000000334000000000000000"
"Vermont","tech_related_equipment","2017","3675000.0","-0.000000000000000002255694444444444444"
"Vermont","tech_related_supplies_services","2017","6049000.0","0.000000000000000005816573033707865169"
"Vermont","teacher_salaries_vocational_education","2018","17176000.0","0.000000000000000002966000000000000000"
"Vermont","tech_related_equipment","2018","3339000.0","0.000000000000000004012461538461538462"
"Vermont","tech_related_supplies_services","2018","9615000.0","0.000000000000000001755476190476190476"
"Vermont","teacher_salaries_vocational_education","2019","16138000.0","0.000000000000000003813571428571428571"
"Vermont","tech_related_equipment","2019","4289000.0","-0.000000000000000005627538461538461538"
"Vermont","tech_related_supplies_services","2019","14699000.0","0.000000000000000001143430656934306569"
"Vermont","teacher_salaries_vocational_education","2020","16392000.0","0.000000000000000007087692307692307692"
"Vermont","tech_related_equipment","2020","7002000.0","-0.000000000000000000502391304347826087"
"Vermont","tech_related_supplies_services","2020","26528000.0","0.000000000000000000355572519083969466"
"Virginia","teacher_salaries_vocational_education","2010","241058000.0","0.000000000000000000322137404580152672"
"Virginia","teacher_salaries_vocational_education","2011","227211000.0","-0.000000000000000000415572519083969466"
"Virginia","teacher_salaries_vocational_education","2012","229052000.0","-0.0000000000000000000030534351145038167939"
"Virginia","teacher_salaries_vocational_education","2013","233464000.0","0.000000000000000000862595419847328244"
"Virginia","teacher_salaries_vocational_education","2014","235740000.0","-0.000000000000000000162366412213740458"
"Virginia","teacher_salaries_vocational_education","2015","236998000.0","-0.000000000000000000424351145038167939"
"Virginia","teacher_salaries_vocational_education","2016","241425000.0","0.000000000000000000101068702290076336"
"Virginia","tech_related_equipment","2016","105302000.0","-0.000000000000000000184000000000000000"
"Virginia","tech_related_supplies_services","2016","657854000.0","0.000000000000000000100305343511450382"
"Virginia","teacher_salaries_vocational_education","2017","248051000.0","-0.0000000000000000000050381679389312977099"
"Virginia","tech_related_equipment","2017","89832000.0","0.000000000000000001718319327731092437"
"Virginia","tech_related_supplies_services","2017","695518000.0","0.000000000000000000059696969696969697"
"Virginia","teacher_salaries_vocational_education","2018","257279000.0","-0.000000000000000000444274809160305344"
"Virginia","tech_related_equipment","2018","109542000.0","-0.000000000000000001228813559322033898"
"Virginia","tech_related_supplies_services","2018","693493000.0","0.000000000000000000607348484848484848"
"Virginia","teacher_salaries_vocational_education","2019","269596000.0","0.000000000000000000296870229007633588"
"Virginia","tech_related_equipment","2019","111019000.0","-0.000000000000000000643303571428571429"
"Virginia","tech_related_supplies_services","2019","716418000.0","0.000000000000000000036818181818181818"
"Virginia","teacher_salaries_vocational_education","2020","280853000.0","-0.000000000000000000921450381679389313"
"Virginia","tech_related_equipment","2020","95602000.0","-0.000000000000000000129380530973451327"
"Virginia","tech_related_supplies_services","2020","769482000.0","0.000000000000000000403609022556390977"
"Washington","teacher_salaries_vocational_education","2010","166623000.0","0.000000000000000000319957805907172996"
"Washington","teacher_salaries_vocational_education","2011","176207000.0","0.000000000000000000158347457627118644"
"Washington","teacher_salaries_vocational_education","2012","177406000.0","0.000000000000000000583739495798319328"
"Washington","teacher_salaries_vocational_education","2013","185082000.0","0.000000000000000000255274261603375527"
"Washington","teacher_salaries_vocational_education","2014","190277000.0","0.000000000000000000712175732217573222"
"Washington","teacher_salaries_vocational_education","2015","194762000.0","0.000000000000000000814500000000000000"
"Washington","teacher_salaries_vocational_education","2016","207140000.0","-0.000000000000000000183112033195020747"
"Washington","teacher_salaries_vocational_education","2017","218951000.0","0.000000000000000000807708333333333333"
"Washington","teacher_salaries_vocational_education","2018","234592000.0","-0.000000000000000000084024896265560166"
"Washington","teacher_salaries_vocational_education","2019","278054000.0","0.000000000000000000116929460580912863"
"Washington","cares_act_expenditure_tech_related_equipment","2020","1070000.0","-0.000000000000000004746666666666666667"
"Washington","cares_act_expenditure_tech_related_supplies_services","2020","4343000.0","-0.000000000000000003448888888888888889"
"Washington","teacher_salaries_vocational_education","2020","293887000.0","-0.000000000000000000191087866108786611"
"Washington","tech_related_equipment","2020","18928000.0","-0.000000000000000000665357142857142857"
"Washington","tech_related_supplies_services","2020","157116000.0","0.000000000000000000352041522491349481"
"West Virginia","teacher_salaries_vocational_education","2010","42317000.0","0.000000000000000004192545454545454545"
"West Virginia","teacher_salaries_vocational_education","2011","41720000.0","0.000000000000000000120181818181818182"
"West Virginia","teacher_salaries_vocational_education","2012","41525000.0","-0.000000000000000001866909090909090909"
"West Virginia","teacher_salaries_vocational_education","2013","42174000.0","0.000000000000000003147142857142857143"
"West Virginia","teacher_salaries_vocational_education","2014","42677000.0","0.000000000000000002058727272727272727"
"West Virginia","teacher_salaries_vocational_education","2015","43466000.0","0.000000000000000000937454545454545455"
"West Virginia","tech_related_equipment","2015","5505000.0","0.000000000000000000135000000000000000"
"West Virginia","tech_related_supplies_services","2015","80217000.0","0.000000000000000000574285714285714286"
"West Virginia","teacher_salaries_vocational_education","2016","41212000.0","-0.000000000000000000104909090909090909"
"West Virginia","tech_related_equipment","2016","4249000.0","0.000000000000000000530000000000000000"
"West Virginia","tech_related_supplies_services","2016","64614000.0","0.000000000000000000292222222222222222"
"West Virginia","teacher_salaries_vocational_education","2017","40487000.0","0.000000000000000001308181818181818182"
"West Virginia","tech_related_equipment","2017","13807000.0","-0.000000000000000000109473684210526316"
"West Virginia","tech_related_supplies_services","2017","78341000.0","0.000000000000000000618095238095238095"
"West Virginia","teacher_salaries_vocational_education","2018","40018000.0","-0.000000000000000000060909090909090909"
"West Virginia","tech_related_equipment","2018","4316000.0","-0.000000000000000002180312500000000000"
"West Virginia","tech_related_supplies_services","2018","69616000.0","-0.000000000000000001049206349206349206"
"West Virginia","teacher_salaries_vocational_education","2019","42479000.0","0.000000000000000000527090909090909091"
"West Virginia","tech_related_equipment","2019","5595000.0","0.000000000000000002341935483870967742"
"West Virginia","tech_related_supplies_services","2019","74024000.0","0.000000000000000000524482758620689655"
"West Virginia","cares_act_expenditure_tech_related_supplies_services","2020","2892000.0","0.000000000000000002309230769230769231"
"West Virginia","teacher_salaries_vocational_education","2020","44137000.0","-0.000000000000000000245818181818181818"
"West Virginia","tech_related_equipment","2020","9126000.0","0.000000000000000000136857142857142857"
"West Virginia","tech_related_supplies_services","2020","79519000.0","0.000000000000000001075344827586206897"
"Wisconsin","teacher_salaries_vocational_education","2010","166362000.0","-0.000000000000000000914445888601036269"
"Wisconsin","teacher_salaries_vocational_education","2011","165219000.0","-0.000000000000000000417356020942408377"
"Wisconsin","teacher_salaries_vocational_education","2012","153529000.0","0.000000000000000000497670157068062827"
"Wisconsin","teacher_salaries_vocational_education","2013","152482000.0","-0.000000000000000000611910994764397906"
"Wisconsin","teacher_salaries_vocational_education","2014","152338000.0","0.000000000000000000453254593175853018"
"Wisconsin","teacher_salaries_vocational_education","2015","154567000.0","0.000000000000000000130340314136125654"
"Wisconsin","teacher_salaries_vocational_education","2016","155259000.0","-0.000000000000000000262984293193717277"
"Wisconsin","teacher_salaries_vocational_education","2017","158653000.0","0.000000000000000000835404699738903394"
"Wisconsin","teacher_salaries_vocational_education","2018","162261000.0","-0.000000000000000002581837270341207349"
"Wisconsin","teacher_salaries_vocational_education","2019","165905000.0","-0.000000000000000001111947368421052632"
"Wisconsin","teacher_salaries_vocational_education","2020","169621000.0","-0.000000000000000000522689295039164491"
"Wyoming","teacher_salaries_vocational_education","2010","14140000.0","0.000000000000000000052564102564102564"
"Wyoming","teacher_salaries_vocational_education","2011","16724000.0","-0.000000000000000001440975609756097561"
"Wyoming","teacher_salaries_vocational_education","2012","16760000.0","0.000000000000000000076750000000000000"
"Wyoming","teacher_salaries_vocational_education","2013","16615000.0","-0.000000000000000000277619047619047619"
"Wyoming","teacher_salaries_vocational_education","2014","16943000.0","-0.000000000000000000467750000000000000"
"Wyoming","teacher_salaries_vocational_education","2015","16907000.0","0.000000000000000001718684210526315789"
"Wyoming","tech_related_equipment","2015","6722000.0","-0.000000000000000002529285714285714286"
"Wyoming","tech_related_supplies_services","2015","10997000.0","-0.000000000000000000173125000000000000"
"Wyoming","teacher_salaries_vocational_education","2016","17568000.0","-0.000000000000000002405384615384615385"
"Wyoming","tech_related_equipment","2016","6747000.0","0.000000000000000001273157894736842105"
"Wyoming","tech_related_supplies_services","2016","10751000.0","-0.000000000000000001148125000000000000"
"Wyoming","teacher_salaries_vocational_education","2017","17776000.0","-0.000000000000000000736052631578947368"
"Wyoming","tech_related_equipment","2017","7123000.0","-0.000000000000000001719459459459459459"
"Wyoming","tech_related_supplies_services","2017","10710000.0","-0.000000000000000001179791666666666667"
"Wyoming","teacher_salaries_vocational_education","2018","17859000.0","-0.000000000000000001154871794871794872"
"Wyoming","tech_related_equipment","2018","7000000.0","0.000000000000000000794000000000000000"
"Wyoming","tech_related_supplies_services","2018","10185000.0","-0.000000000000000000679375000000000000"
"Wyoming","teacher_salaries_vocational_education","2019","15941000.0","-0.000000000000000000820731707317073171"
"Wyoming","tech_related_equipment","2019","5837000.0","-0.000000000000000001446666666666666667"
"Wyoming","tech_related_supplies_services","2019","10534000.0","0.000000000000000001428541666666666667"
"Wyoming","cares_act_expenditure_tech_related_supplies_services","2020","366000.0","0.000000000000000001146000000000000000"
"Wyoming","teacher_salaries_vocational_education","2020","15609000.0","0.000000000000000000462105263157894737"
"Wyoming","tech_related_equipment","2020","5758000.0","0.000000000000000002468888888888888889"
"Wyoming","tech_related_supplies_services","2020","36823000.0","0.000000000000000001640625000000000000"
